,dsssssssssss,sdsddddddddddddd,dd@hotmail.com,qsqsqs,2016
,dsssssssssss,sdsddddddddddddd,dd@hotmail.com,qsqsqs,2016
,dsssssssssss,sdsddddddddddddd,dd@hotmail.com,qsqsqs,2016
,efefefefee,fefefefefefe,ee@gmail.com,dede,2016
,quami,mckwen,qm@gmail.com,Grenada,2016
416000000,Wayne,Rooney,wazza@hotmail.com,Manchester,2016
416000001,Cristiano,Ronaldo,cr7@gmail.com,Manchester,2016
416000002,Ryan,Giggs,r.giggs@hotmail.com,Manchester,2016
416000003,Paul,Scholes,p.scholes@hotmail.com,Manchester,2016
417000000,Frank,Lampard,f.lampard@hotmail.com,London,2017
417000001,John,Terry,j.terry@gmail.com,London,2017
417000002,Eden,Hazard,goldenboy@hotmail.com,London,2017
418000000,Steven,Gerrard,s.gerrard@gmail.com,Liverpool,2018
418000001,Dirk,Kuyt,d.kuyt@hotmail.com,Liverpool,2018
418000002,Fernando,Torres,f.torres@gmail.com,Liverpool,2018
418000003,Xabi,Alonso,xabie_alonso@gmail.com,Liverpool,2018
